url,label,fraud_type,has_https,suspicious_keyword,hyphen_count,url_length
http://www.global-shop-secure-update.net,1,Phishing,0,0,2,40
https://www.global-shop.net,0,Legitimate,1,0,0,27
http://www.express-delivery-login.com,1,Phishing,0,1,1,37
https://www.city-university-sifre.com,1,Phishing,1,1,1,37
https://www.state-health.gov,0,Legitimate,1,0,0,28
https://www.state-health.gov,0,Legitimate,1,0,0,28
https://www.city-university.edu,0,Legitimate,1,0,0,31
https://www.express-delivery.com,0,Legitimate,1,0,0,32
https://www.state-health-hesap.com,1,Phishing,1,1,1,34
http://www.trusted-bank-update.com,1,Phishing,0,1,1,34
http://www.trusted-bank-secure-update.net,1,Phishing,0,0,2,41
https://www.state-health-odeme.com,1,Phishing,1,1,1,34
https://www.global-shop.net,0,Legitimate,1,0,0,27
http://www.trusted-bank-secure-update.net,1,Phishing,0,0,2,41
http://www.express-delivery-sifre.com,1,Phishing,0,1,1,37
http://www.global-shop-hesap.com,1,Phishing,0,1,1,32
https://www.trusted-bank-sifre.com,1,Phishing,1,1,1,34
https://www.express-delivery.com,0,Legitimate,1,0,0,32
https://www.express-delivery.com,0,Legitimate,1,0,0,32
https://www.state-health-secure-update.net,1,Phishing,1,0,2,42
https://www.express-delivery-secure-update.net,1,Phishing,1,0,2,46
http://www.city-university-odeme.com,1,Phishing,0,1,1,36
https://www.express-delivery-hesap.com,1,Phishing,1,1,1,38
https://www.city-university-login.com,1,Phishing,1,1,1,37
http://www.global-shop-login.com,1,Phishing,0,1,1,32
http://www.city-university-hesap.com,1,Phishing,0,1,1,36
http://www.trusted-bank-odeme.com,1,Phishing,0,1,1,33
http://www.trusted-bank-secure-update.net,1,Phishing,0,0,2,41
https://www.city-university-onay.com,1,Phishing,1,1,1,36
http://www.global-shop-odeme.com,1,Phishing,0,1,1,32
http://www.state-health-sifre.com,1,Phishing,0,1,1,33
http://www.trusted-bank-sifre.com,1,Phishing,0,1,1,33
https://www.city-university.edu,0,Legitimate,1,0,0,31
http://www.trusted-bank-secure-update.net,1,Phishing,0,0,2,41
http://www.city-university.edu,0,Legitimate,0,0,0,30
http://www.global-shop-login.com,1,Phishing,0,1,1,32
http://www.trusted-bank-sifre.com,1,Phishing,0,1,1,33
https://www.state-health.gov,0,Legitimate,1,0,0,28
https://www.city-university.edu,0,Legitimate,1,0,0,31
https://www.express-delivery.com,0,Legitimate,1,0,0,32
https://www.global-shop-sifre.com,1,Phishing,1,1,1,33
http://www.state-health-onay.com,1,Phishing,0,1,1,32
https://www.trusted-bank.com,0,Legitimate,1,0,0,28
https://www.trusted-bank.com,0,Legitimate,1,0,0,28
http://www.city-university-hesap.com,1,Phishing,0,1,1,36
https://www.global-shop.net,0,Legitimate,1,0,0,27
https://www.trusted-bank-secure-update.net,1,Phishing,1,0,2,42
https://www.state-health.gov,0,Legitimate,1,0,0,28
http://www.trusted-bank.com,0,Legitimate,0,0,0,27
http://www.state-health-odeme.com,1,Phishing,0,1,1,33
https://www.express-delivery-onay.com,1,Phishing,1,1,1,37
https://www.city-university-odeme.com,1,Phishing,1,1,1,37
https://www.state-health.gov,0,Legitimate,1,0,0,28
https://www.city-university-onay.com,1,Phishing,1,1,1,36
https://www.state-health.gov,0,Legitimate,1,0,0,28
http://www.state-health.gov,0,Legitimate,0,0,0,27
https://www.trusted-bank-update.com,1,Phishing,1,1,1,35
https://www.global-shop-update.com,1,Phishing,1,1,1,34
http://www.state-health-secure-update.net,1,Phishing,0,0,2,41
http://www.state-health-login.com,1,Phishing,0,1,1,33
https://www.express-delivery.com,0,Legitimate,1,0,0,32
http://www.city-university-secure-update.net,1,Phishing,0,0,2,44
http://www.global-shop-secure-update.net,1,Phishing,0,0,2,40
http://www.trusted-bank-secure-update.net,1,Phishing,0,0,2,41
http://www.city-university-onay.com,1,Phishing,0,1,1,35
https://www.state-health-update.com,1,Phishing,1,1,1,35
https://www.trusted-bank.com,0,Legitimate,1,0,0,28
http://www.global-shop-odeme.com,1,Phishing,0,1,1,32
https://www.global-shop.net,0,Legitimate,1,0,0,27
https://www.city-university.edu,0,Legitimate,1,0,0,31
https://www.trusted-bank.com,0,Legitimate,1,0,0,28
https://www.city-university.edu,0,Legitimate,1,0,0,31
http://www.trusted-bank.com,0,Legitimate,0,0,0,27
http://www.trusted-bank-secure-update.net,1,Phishing,0,0,2,41
https://www.city-university.edu,0,Legitimate,1,0,0,31
https://www.express-delivery.com,0,Legitimate,1,0,0,32
https://www.city-university.edu,0,Legitimate,1,0,0,31
https://www.express-delivery.com,0,Legitimate,1,0,0,32
https://www.global-shop.net,0,Legitimate,1,0,0,27
https://www.city-university.edu,0,Legitimate,1,0,0,31
https://www.trusted-bank.com,0,Legitimate,1,0,0,28
https://www.state-health.gov,0,Legitimate,1,0,0,28
https://www.state-health.gov,0,Legitimate,1,0,0,28
https://www.global-shop.net,0,Legitimate,1,0,0,27
http://www.state-health-update.com,1,Phishing,0,1,1,34
http://www.express-delivery-secure-update.net,1,Phishing,0,0,2,45
https://www.city-university.edu,0,Legitimate,1,0,0,31
https://www.city-university-onay.com,1,Phishing,1,1,1,36
http://www.global-shop-secure-update.net,1,Phishing,0,0,2,40
https://www.trusted-bank-secure-update.net,1,Phishing,1,0,2,42
https://www.trusted-bank.com,0,Legitimate,1,0,0,28
http://www.express-delivery.com,0,Legitimate,0,0,0,31
https://www.state-health-onay.com,1,Phishing,1,1,1,33
https://www.city-university.edu,0,Legitimate,1,0,0,31
http://www.express-delivery-update.com,1,Phishing,0,1,1,38
http://www.global-shop-secure-update.net,1,Phishing,0,0,2,40
https://www.city-university.edu,0,Legitimate,1,0,0,31
https://www.express-delivery-odeme.com,1,Phishing,1,1,1,38
https://www.city-university.edu,0,Legitimate,1,0,0,31
https://www.global-shop.net,0,Legitimate,1,0,0,27
http://www.state-health-update.com,1,Phishing,0,1,1,34
https://www.state-health.gov,0,Legitimate,1,0,0,28
https://www.express-delivery.com,0,Legitimate,1,0,0,32
https://www.state-health.gov,0,Legitimate,1,0,0,28
https://www.trusted-bank-secure-update.net,1,Phishing,1,0,2,42
https://www.express-delivery.com,0,Legitimate,1,0,0,32
https://www.city-university.edu,0,Legitimate,1,0,0,31
https://www.trusted-bank.com,0,Legitimate,1,0,0,28
http://www.city-university-onay.com,1,Phishing,0,1,1,35
https://www.express-delivery.com,0,Legitimate,1,0,0,32
https://www.global-shop.net,0,Legitimate,1,0,0,27
https://www.express-delivery.com,0,Legitimate,1,0,0,32
http://www.express-delivery-secure-update.net,1,Phishing,0,0,2,45
https://www.trusted-bank.com,0,Legitimate,1,0,0,28
https://www.global-shop.net,0,Legitimate,1,0,0,27
https://www.city-university-odeme.com,1,Phishing,1,1,1,37
https://www.global-shop.net,0,Legitimate,1,0,0,27
http://www.express-delivery-update.com,1,Phishing,0,1,1,38
https://www.express-delivery-hesap.com,1,Phishing,1,1,1,38
https://www.trusted-bank.com,0,Legitimate,1,0,0,28
https://www.express-delivery.com,0,Legitimate,1,0,0,32
http://www.state-health-update.com,1,Phishing,0,1,1,34
https://www.state-health.gov,0,Legitimate,1,0,0,28
http://www.state-health-hesap.com,1,Phishing,0,1,1,33
http://www.trusted-bank-hesap.com,1,Phishing,0,1,1,33
http://www.express-delivery-update.com,1,Phishing,0,1,1,38
http://www.express-delivery-sifre.com,1,Phishing,0,1,1,37
https://www.express-delivery-hesap.com,1,Phishing,1,1,1,38
https://www.express-delivery.com,0,Legitimate,1,0,0,32
http://www.global-shop-sifre.com,1,Phishing,0,1,1,32
https://www.state-health-secure-update.net,1,Phishing,1,0,2,42
https://www.trusted-bank.com,0,Legitimate,1,0,0,28
https://www.city-university.edu,0,Legitimate,1,0,0,31
http://www.global-shop-secure-update.net,1,Phishing,0,0,2,40
https://www.city-university-secure-update.net,1,Phishing,1,0,2,45
https://www.state-health.gov,0,Legitimate,1,0,0,28
http://www.state-health-secure-update.net,1,Phishing,0,0,2,41
http://www.trusted-bank-update.com,1,Phishing,0,1,1,34
http://www.trusted-bank-secure-update.net,1,Phishing,0,0,2,41
http://www.express-delivery-sifre.com,1,Phishing,0,1,1,37
http://www.global-shop-odeme.com,1,Phishing,0,1,1,32
https://www.global-shop-secure-update.net,1,Phishing,1,0,2,41
https://www.city-university-hesap.com,1,Phishing,1,1,1,37
http://www.express-delivery-odeme.com,1,Phishing,0,1,1,37
https://www.global-shop.net,0,Legitimate,1,0,0,27
https://www.global-shop-odeme.com,1,Phishing,1,1,1,33
https://www.express-delivery.com,0,Legitimate,1,0,0,32
https://www.trusted-bank-secure-update.net,1,Phishing,1,0,2,42
https://www.city-university-odeme.com,1,Phishing,1,1,1,37
http://www.express-delivery-login.com,1,Phishing,0,1,1,37
https://www.city-university-secure-update.net,1,Phishing,1,0,2,45
https://www.express-delivery.com,0,Legitimate,1,0,0,32
https://www.express-delivery-odeme.com,1,Phishing,1,1,1,38
https://www.trusted-bank.com,0,Legitimate,1,0,0,28
http://www.state-health.gov,0,Legitimate,0,0,0,27
http://www.city-university-login.com,1,Phishing,0,1,1,36
https://www.city-university.edu,0,Legitimate,1,0,0,31
https://www.express-delivery.com,0,Legitimate,1,0,0,32
https://www.city-university.edu,0,Legitimate,1,0,0,31
http://www.state-health-hesap.com,1,Phishing,0,1,1,33
https://www.city-university.edu,0,Legitimate,1,0,0,31
http://www.global-shop-odeme.com,1,Phishing,0,1,1,32
http://www.express-delivery-onay.com,1,Phishing,0,1,1,36
http://www.global-shop-onay.com,1,Phishing,0,1,1,31
https://www.global-shop.net,0,Legitimate,1,0,0,27
https://www.state-health.gov,0,Legitimate,1,0,0,28
http://www.express-delivery-hesap.com,1,Phishing,0,1,1,37
https://www.state-health.gov,0,Legitimate,1,0,0,28
http://www.city-university-odeme.com,1,Phishing,0,1,1,36
https://www.city-university.edu,0,Legitimate,1,0,0,31
http://www.global-shop-odeme.com,1,Phishing,0,1,1,32
https://www.global-shop.net,0,Legitimate,1,0,0,27
https://www.state-health-onay.com,1,Phishing,1,1,1,33
http://www.express-delivery-update.com,1,Phishing,0,1,1,38
https://www.state-health.gov,0,Legitimate,1,0,0,28
https://www.express-delivery-odeme.com,1,Phishing,1,1,1,38
http://www.state-health-update.com,1,Phishing,0,1,1,34
https://www.city-university.edu,0,Legitimate,1,0,0,31
https://www.state-health.gov,0,Legitimate,1,0,0,28
http://www.city-university-secure-update.net,1,Phishing,0,0,2,44
http://www.express-delivery-secure-update.net,1,Phishing,0,0,2,45
https://www.express-delivery.com,0,Legitimate,1,0,0,32
https://www.global-shop.net,0,Legitimate,1,0,0,27
https://www.city-university-update.com,1,Phishing,1,1,1,38
https://www.trusted-bank.com,0,Legitimate,1,0,0,28
https://www.trusted-bank.com,0,Legitimate,1,0,0,28
http://www.global-shop-update.com,1,Phishing,0,1,1,33
http://www.city-university-sifre.com,1,Phishing,0,1,1,36
https://www.express-delivery.com,0,Legitimate,1,0,0,32
http://www.city-university-secure-update.net,1,Phishing,0,0,2,44
https://www.global-shop.net,0,Legitimate,1,0,0,27
https://www.city-university-odeme.com,1,Phishing,1,1,1,37
http://www.trusted-bank-onay.com,1,Phishing,0,1,1,32
https://www.global-shop-secure-update.net,1,Phishing,1,0,2,41
https://www.trusted-bank-odeme.com,1,Phishing,1,1,1,34
https://www.global-shop.net,0,Legitimate,1,0,0,27
https://www.trusted-bank-odeme.com,1,Phishing,1,1,1,34
https://www.state-health-hesap.com,1,Phishing,1,1,1,34
https://www.city-university.edu,0,Legitimate,1,0,0,31
http://www.city-university-hesap.com,1,Phishing,0,1,1,36
https://www.state-health-login.com,1,Phishing,1,1,1,34
https://www.trusted-bank.com,0,Legitimate,1,0,0,28
https://www.express-delivery.com,0,Legitimate,1,0,0,32
https://www.trusted-bank.com,0,Legitimate,1,0,0,28
https://www.express-delivery.com,0,Legitimate,1,0,0,32
http://www.trusted-bank-login.com,1,Phishing,0,1,1,33
https://www.global-shop-sifre.com,1,Phishing,1,1,1,33
https://www.global-shop-secure-update.net,1,Phishing,1,0,2,41
https://www.state-health.gov,0,Legitimate,1,0,0,28
http://www.state-health.gov,0,Legitimate,0,0,0,27
https://www.global-shop.net,0,Legitimate,1,0,0,27
https://www.state-health.gov,0,Legitimate,1,0,0,28
https://www.express-delivery.com,0,Legitimate,1,0,0,32
https://www.express-delivery.com,0,Legitimate,1,0,0,32
https://www.state-health.gov,0,Legitimate,1,0,0,28
https://www.trusted-bank.com,0,Legitimate,1,0,0,28
http://www.express-delivery-onay.com,1,Phishing,0,1,1,36
https://www.express-delivery.com,0,Legitimate,1,0,0,32
https://www.state-health.gov,0,Legitimate,1,0,0,28
http://www.city-university-secure-update.net,1,Phishing,0,0,2,44
http://www.express-delivery-secure-update.net,1,Phishing,0,0,2,45
https://www.express-delivery-login.com,1,Phishing,1,1,1,38
https://www.global-shop.net,0,Legitimate,1,0,0,27
http://www.state-health-sifre.com,1,Phishing,0,1,1,33
http://www.express-delivery-secure-update.net,1,Phishing,0,0,2,45
http://www.state-health.gov,0,Legitimate,0,0,0,27
https://www.express-delivery-odeme.com,1,Phishing,1,1,1,38
http://www.express-delivery-sifre.com,1,Phishing,0,1,1,37
https://www.state-health.gov,0,Legitimate,1,0,0,28
https://www.city-university.edu,0,Legitimate,1,0,0,31
https://www.trusted-bank.com,0,Legitimate,1,0,0,28
http://www.express-delivery.com,0,Legitimate,0,0,0,31
https://www.city-university.edu,0,Legitimate,1,0,0,31
https://www.global-shop-sifre.com,1,Phishing,1,1,1,33
https://www.express-delivery.com,0,Legitimate,1,0,0,32
https://www.express-delivery.com,0,Legitimate,1,0,0,32
https://www.state-health-update.com,1,Phishing,1,1,1,35
https://www.city-university.edu,0,Legitimate,1,0,0,31
https://www.express-delivery.com,0,Legitimate,1,0,0,32
https://www.trusted-bank.com,0,Legitimate,1,0,0,28
https://www.trusted-bank-sifre.com,1,Phishing,1,1,1,34
https://www.trusted-bank.com,0,Legitimate,1,0,0,28
https://www.city-university.edu,0,Legitimate,1,0,0,31
https://www.state-health-odeme.com,1,Phishing,1,1,1,34
http://www.state-health-secure-update.net,1,Phishing,0,0,2,41
https://www.global-shop-update.com,1,Phishing,1,1,1,34
https://www.global-shop-secure-update.net,1,Phishing,1,0,2,41
https://www.global-shop.net,0,Legitimate,1,0,0,27
http://www.trusted-bank-secure-update.net,1,Phishing,0,0,2,41
https://www.trusted-bank.com,0,Legitimate,1,0,0,28
https://www.trusted-bank.com,0,Legitimate,1,0,0,28
http://www.city-university-login.com,1,Phishing,0,1,1,36
https://www.express-delivery-sifre.com,1,Phishing,1,1,1,38
https://www.global-shop.net,0,Legitimate,1,0,0,27
https://www.express-delivery.com,0,Legitimate,1,0,0,32
https://www.city-university.edu,0,Legitimate,1,0,0,31
http://www.city-university-update.com,1,Phishing,0,1,1,37
https://www.city-university.edu,0,Legitimate,1,0,0,31
https://www.global-shop-odeme.com,1,Phishing,1,1,1,33
http://www.city-university-secure-update.net,1,Phishing,0,0,2,44
http://www.express-delivery-hesap.com,1,Phishing,0,1,1,37
https://www.global-shop.net,0,Legitimate,1,0,0,27
https://www.trusted-bank.com,0,Legitimate,1,0,0,28
https://www.global-shop-secure-update.net,1,Phishing,1,0,2,41
http://www.trusted-bank-secure-update.net,1,Phishing,0,0,2,41
http://www.state-health-hesap.com,1,Phishing,0,1,1,33
http://www.city-university-secure-update.net,1,Phishing,0,0,2,44
https://www.city-university.edu,0,Legitimate,1,0,0,31
https://www.state-health.gov,0,Legitimate,1,0,0,28
https://www.global-shop.net,0,Legitimate,1,0,0,27
https://www.trusted-bank.com,0,Legitimate,1,0,0,28
http://www.global-shop-update.com,1,Phishing,0,1,1,33
https://www.global-shop-secure-update.net,1,Phishing,1,0,2,41
https://www.express-delivery.com,0,Legitimate,1,0,0,32
https://www.express-delivery.com,0,Legitimate,1,0,0,32
https://www.trusted-bank.com,0,Legitimate,1,0,0,28
https://www.global-shop.net,0,Legitimate,1,0,0,27
https://www.state-health.gov,0,Legitimate,1,0,0,28
https://www.city-university.edu,0,Legitimate,1,0,0,31
https://www.global-shop.net,0,Legitimate,1,0,0,27
http://www.global-shop-secure-update.net,1,Phishing,0,0,2,40
https://www.state-health.gov,0,Legitimate,1,0,0,28
https://www.trusted-bank.com,0,Legitimate,1,0,0,28
http://www.city-university-update.com,1,Phishing,0,1,1,37
https://www.express-delivery.com,0,Legitimate,1,0,0,32
https://www.state-health-secure-update.net,1,Phishing,1,0,2,42
https://www.state-health.gov,0,Legitimate,1,0,0,28
https://www.trusted-bank.com,0,Legitimate,1,0,0,28
http://www.city-university-secure-update.net,1,Phishing,0,0,2,44
https://www.trusted-bank.com,0,Legitimate,1,0,0,28
https://www.global-shop.net,0,Legitimate,1,0,0,27
https://www.global-shop.net,0,Legitimate,1,0,0,27
https://www.express-delivery.com,0,Legitimate,1,0,0,32
https://www.trusted-bank-hesap.com,1,Phishing,1,1,1,34
https://www.city-university-onay.com,1,Phishing,1,1,1,36
https://www.global-shop.net,0,Legitimate,1,0,0,27
https://www.city-university.edu,0,Legitimate,1,0,0,31
https://www.global-shop.net,0,Legitimate,1,0,0,27
http://www.city-university-secure-update.net,1,Phishing,0,0,2,44
https://www.global-shop.net,0,Legitimate,1,0,0,27
http://www.express-delivery-update.com,1,Phishing,0,1,1,38
http://www.trusted-bank-secure-update.net,1,Phishing,0,0,2,41
http://www.trusted-bank-onay.com,1,Phishing,0,1,1,32
http://www.express-delivery-onay.com,1,Phishing,0,1,1,36
https://www.city-university.edu,0,Legitimate,1,0,0,31
https://www.city-university.edu,0,Legitimate,1,0,0,31
https://www.city-university.edu,0,Legitimate,1,0,0,31
https://www.city-university.edu,0,Legitimate,1,0,0,31
https://www.state-health.gov,0,Legitimate,1,0,0,28
https://www.trusted-bank.com,0,Legitimate,1,0,0,28
http://www.trusted-bank-onay.com,1,Phishing,0,1,1,32
http://www.state-health-secure-update.net,1,Phishing,0,0,2,41
http://www.state-health-hesap.com,1,Phishing,0,1,1,33
https://www.city-university.edu,0,Legitimate,1,0,0,31
https://www.express-delivery.com,0,Legitimate,1,0,0,32
http://www.city-university-sifre.com,1,Phishing,0,1,1,36
http://www.express-delivery.com,0,Legitimate,0,0,0,31
https://www.express-delivery.com,0,Legitimate,1,0,0,32
https://www.global-shop.net,0,Legitimate,1,0,0,27
https://www.global-shop.net,0,Legitimate,1,0,0,27
https://www.express-delivery.com,0,Legitimate,1,0,0,32
http://www.city-university-sifre.com,1,Phishing,0,1,1,36
https://www.trusted-bank.com,0,Legitimate,1,0,0,28
https://www.global-shop-secure-update.net,1,Phishing,1,0,2,41
https://www.state-health-secure-update.net,1,Phishing,1,0,2,42
https://www.trusted-bank.com,0,Legitimate,1,0,0,28
https://www.state-health.gov,0,Legitimate,1,0,0,28
https://www.global-shop-secure-update.net,1,Phishing,1,0,2,41
http://www.global-shop-secure-update.net,1,Phishing,0,0,2,40
http://www.city-university-odeme.com,1,Phishing,0,1,1,36
https://www.city-university.edu,0,Legitimate,1,0,0,31
http://www.city-university-secure-update.net,1,Phishing,0,0,2,44
http://www.city-university-login.com,1,Phishing,0,1,1,36
https://www.express-delivery.com,0,Legitimate,1,0,0,32
http://www.trusted-bank-sifre.com,1,Phishing,0,1,1,33
https://www.global-shop-secure-update.net,1,Phishing,1,0,2,41
http://www.city-university.edu,0,Legitimate,0,0,0,30
http://www.state-health-secure-update.net,1,Phishing,0,0,2,41
https://www.global-shop-odeme.com,1,Phishing,1,1,1,33
https://www.city-university-odeme.com,1,Phishing,1,1,1,37
https://www.trusted-bank.com,0,Legitimate,1,0,0,28
http://www.express-delivery-secure-update.net,1,Phishing,0,0,2,45
http://www.city-university.edu,0,Legitimate,0,0,0,30
https://www.global-shop.net,0,Legitimate,1,0,0,27
http://www.express-delivery-odeme.com,1,Phishing,0,1,1,37
http://www.global-shop-login.com,1,Phishing,0,1,1,32
http://www.global-shop-update.com,1,Phishing,0,1,1,33
https://www.trusted-bank.com,0,Legitimate,1,0,0,28
https://www.state-health.gov,0,Legitimate,1,0,0,28
https://www.state-health.gov,0,Legitimate,1,0,0,28
https://www.express-delivery-secure-update.net,1,Phishing,1,0,2,46
http://www.city-university.edu,0,Legitimate,0,0,0,30
http://www.trusted-bank-secure-update.net,1,Phishing,0,0,2,41
https://www.trusted-bank.com,0,Legitimate,1,0,0,28
http://www.express-delivery-odeme.com,1,Phishing,0,1,1,37
https://www.express-delivery.com,0,Legitimate,1,0,0,32
https://www.global-shop-secure-update.net,1,Phishing,1,0,2,41
http://www.city-university-secure-update.net,1,Phishing,0,0,2,44
https://www.state-health.gov,0,Legitimate,1,0,0,28
https://www.trusted-bank.com,0,Legitimate,1,0,0,28
https://www.city-university-sifre.com,1,Phishing,1,1,1,37
https://www.city-university.edu,0,Legitimate,1,0,0,31
https://www.express-delivery.com,0,Legitimate,1,0,0,32
https://www.trusted-bank.com,0,Legitimate,1,0,0,28
http://www.state-health-hesap.com,1,Phishing,0,1,1,33
http://www.city-university-login.com,1,Phishing,0,1,1,36
https://www.global-shop-odeme.com,1,Phishing,1,1,1,33
https://www.express-delivery.com,0,Legitimate,1,0,0,32
https://www.city-university.edu,0,Legitimate,1,0,0,31
https://www.trusted-bank.com,0,Legitimate,1,0,0,28
http://www.city-university-hesap.com,1,Phishing,0,1,1,36
https://www.global-shop.net,0,Legitimate,1,0,0,27
https://www.state-health.gov,0,Legitimate,1,0,0,28
http://www.trusted-bank-onay.com,1,Phishing,0,1,1,32
https://www.global-shop.net,0,Legitimate,1,0,0,27
https://www.trusted-bank.com,0,Legitimate,1,0,0,28
https://www.city-university.edu,0,Legitimate,1,0,0,31
https://www.express-delivery.com,0,Legitimate,1,0,0,32
http://www.state-health-update.com,1,Phishing,0,1,1,34
https://www.express-delivery-sifre.com,1,Phishing,1,1,1,38
https://www.trusted-bank.com,0,Legitimate,1,0,0,28
https://www.global-shop.net,0,Legitimate,1,0,0,27
https://www.state-health.gov,0,Legitimate,1,0,0,28
https://www.state-health-update.com,1,Phishing,1,1,1,35
https://www.state-health.gov,0,Legitimate,1,0,0,28
http://www.city-university-secure-update.net,1,Phishing,0,0,2,44
https://www.trusted-bank-secure-update.net,1,Phishing,1,0,2,42
https://www.express-delivery-onay.com,1,Phishing,1,1,1,37
http://www.global-shop-update.com,1,Phishing,0,1,1,33
https://www.city-university.edu,0,Legitimate,1,0,0,31
https://www.global-shop.net,0,Legitimate,1,0,0,27
http://www.global-shop-update.com,1,Phishing,0,1,1,33
https://www.state-health.gov,0,Legitimate,1,0,0,28
https://www.city-university.edu,0,Legitimate,1,0,0,31
https://www.global-shop-update.com,1,Phishing,1,1,1,34
http://www.express-delivery-hesap.com,1,Phishing,0,1,1,37
http://www.global-shop-secure-update.net,1,Phishing,0,0,2,40
https://www.state-health-secure-update.net,1,Phishing,1,0,2,42
http://www.state-health-onay.com,1,Phishing,0,1,1,32
https://www.trusted-bank.com,0,Legitimate,1,0,0,28
https://www.city-university.edu,0,Legitimate,1,0,0,31
http://www.trusted-bank-sifre.com,1,Phishing,0,1,1,33
https://www.trusted-bank-onay.com,1,Phishing,1,1,1,33
https://www.express-delivery.com,0,Legitimate,1,0,0,32
http://www.state-health-hesap.com,1,Phishing,0,1,1,33
https://www.city-university.edu,0,Legitimate,1,0,0,31
https://www.city-university.edu,0,Legitimate,1,0,0,31
https://www.express-delivery-hesap.com,1,Phishing,1,1,1,38
https://www.express-delivery.com,0,Legitimate,1,0,0,32
https://www.global-shop-update.com,1,Phishing,1,1,1,34
https://www.city-university.edu,0,Legitimate,1,0,0,31
https://www.global-shop-secure-update.net,1,Phishing,1,0,2,41
https://www.global-shop.net,0,Legitimate,1,0,0,27
https://www.global-shop-sifre.com,1,Phishing,1,1,1,33
https://www.express-delivery.com,0,Legitimate,1,0,0,32
http://www.global-shop-hesap.com,1,Phishing,0,1,1,32
https://www.express-delivery-secure-update.net,1,Phishing,1,0,2,46
https://www.state-health.gov,0,Legitimate,1,0,0,28
http://www.express-delivery-update.com,1,Phishing,0,1,1,38
https://www.city-university.edu,0,Legitimate,1,0,0,31
https://www.global-shop.net,0,Legitimate,1,0,0,27
https://www.state-health.gov,0,Legitimate,1,0,0,28
https://www.city-university-secure-update.net,1,Phishing,1,0,2,45
http://www.express-delivery-login.com,1,Phishing,0,1,1,37
http://www.express-delivery-login.com,1,Phishing,0,1,1,37
https://www.trusted-bank.com,0,Legitimate,1,0,0,28
https://www.global-shop.net,0,Legitimate,1,0,0,27
https://www.city-university.edu,0,Legitimate,1,0,0,31
http://www.trusted-bank.com,0,Legitimate,0,0,0,27
http://www.city-university-secure-update.net,1,Phishing,0,0,2,44
https://www.global-shop.net,0,Legitimate,1,0,0,27
https://www.global-shop.net,0,Legitimate,1,0,0,27
https://www.city-university.edu,0,Legitimate,1,0,0,31
https://www.express-delivery.com,0,Legitimate,1,0,0,32
https://www.trusted-bank.com,0,Legitimate,1,0,0,28
https://www.global-shop.net,0,Legitimate,1,0,0,27
https://www.trusted-bank.com,0,Legitimate,1,0,0,28
https://www.city-university.edu,0,Legitimate,1,0,0,31
https://www.city-university.edu,0,Legitimate,1,0,0,31
http://www.global-shop.net,0,Legitimate,0,0,0,26
https://www.state-health.gov,0,Legitimate,1,0,0,28
https://www.trusted-bank.com,0,Legitimate,1,0,0,28
https://www.global-shop.net,0,Legitimate,1,0,0,27
https://www.global-shop.net,0,Legitimate,1,0,0,27
https://www.state-health-sifre.com,1,Phishing,1,1,1,34
https://www.global-shop.net,0,Legitimate,1,0,0,27
https://www.city-university.edu,0,Legitimate,1,0,0,31
https://www.express-delivery.com,0,Legitimate,1,0,0,32
https://www.trusted-bank.com,0,Legitimate,1,0,0,28
https://www.trusted-bank.com,0,Legitimate,1,0,0,28
http://www.trusted-bank-secure-update.net,1,Phishing,0,0,2,41
https://www.global-shop.net,0,Legitimate,1,0,0,27
https://www.express-delivery.com,0,Legitimate,1,0,0,32
http://www.global-shop-secure-update.net,1,Phishing,0,0,2,40
http://www.city-university-sifre.com,1,Phishing,0,1,1,36
http://www.city-university-hesap.com,1,Phishing,0,1,1,36
https://www.trusted-bank.com,0,Legitimate,1,0,0,28
https://www.express-delivery.com,0,Legitimate,1,0,0,32
https://www.city-university.edu,0,Legitimate,1,0,0,31
https://www.global-shop.net,0,Legitimate,1,0,0,27
https://www.state-health.gov,0,Legitimate,1,0,0,28
https://www.state-health.gov,0,Legitimate,1,0,0,28
http://www.city-university-odeme.com,1,Phishing,0,1,1,36
http://www.global-shop-secure-update.net,1,Phishing,0,0,2,40
https://www.global-shop-odeme.com,1,Phishing,1,1,1,33
http://www.global-shop-secure-update.net,1,Phishing,0,0,2,40
https://www.global-shop.net,0,Legitimate,1,0,0,27
https://www.state-health-secure-update.net,1,Phishing,1,0,2,42
https://www.state-health.gov,0,Legitimate,1,0,0,28
https://www.city-university.edu,0,Legitimate,1,0,0,31
https://www.global-shop-login.com,1,Phishing,1,1,1,33
https://www.city-university.edu,0,Legitimate,1,0,0,31
http://www.state-health-secure-update.net,1,Phishing,0,0,2,41
http://www.global-shop-secure-update.net,1,Phishing,0,0,2,40
https://www.global-shop.net,0,Legitimate,1,0,0,27
https://www.state-health.gov,0,Legitimate,1,0,0,28
https://www.trusted-bank.com,0,Legitimate,1,0,0,28
https://www.state-health-secure-update.net,1,Phishing,1,0,2,42
http://www.trusted-bank-secure-update.net,1,Phishing,0,0,2,41
http://www.city-university-update.com,1,Phishing,0,1,1,37
https://www.express-delivery.com,0,Legitimate,1,0,0,32
http://www.global-shop-odeme.com,1,Phishing,0,1,1,32
http://www.express-delivery-sifre.com,1,Phishing,0,1,1,37
https://www.state-health.gov,0,Legitimate,1,0,0,28
https://www.express-delivery.com,0,Legitimate,1,0,0,32
https://www.trusted-bank.com,0,Legitimate,1,0,0,28
https://www.express-delivery.com,0,Legitimate,1,0,0,32
http://www.global-shop-secure-update.net,1,Phishing,0,0,2,40
http://www.state-health-onay.com,1,Phishing,0,1,1,32
https://www.express-delivery.com,0,Legitimate,1,0,0,32
http://www.global-shop-update.com,1,Phishing,0,1,1,33
https://www.state-health.gov,0,Legitimate,1,0,0,28
https://www.city-university-secure-update.net,1,Phishing,1,0,2,45
https://www.express-delivery.com,0,Legitimate,1,0,0,32
https://www.global-shop.net,0,Legitimate,1,0,0,27
http://www.express-delivery-login.com,1,Phishing,0,1,1,37
http://www.trusted-bank-odeme.com,1,Phishing,0,1,1,33
https://www.trusted-bank.com,0,Legitimate,1,0,0,28
https://www.trusted-bank.com,0,Legitimate,1,0,0,28
https://www.state-health.gov,0,Legitimate,1,0,0,28
https://www.state-health-odeme.com,1,Phishing,1,1,1,34
https://www.express-delivery.com,0,Legitimate,1,0,0,32
http://www.express-delivery-login.com,1,Phishing,0,1,1,37
https://www.global-shop.net,0,Legitimate,1,0,0,27
http://www.global-shop-secure-update.net,1,Phishing,0,0,2,40
https://www.global-shop.net,0,Legitimate,1,0,0,27
https://www.trusted-bank-secure-update.net,1,Phishing,1,0,2,42
https://www.city-university.edu,0,Legitimate,1,0,0,31
https://www.express-delivery.com,0,Legitimate,1,0,0,32
http://www.state-health-hesap.com,1,Phishing,0,1,1,33
http://www.trusted-bank-sifre.com,1,Phishing,0,1,1,33
https://www.city-university.edu,0,Legitimate,1,0,0,31
https://www.global-shop.net,0,Legitimate,1,0,0,27
https://www.global-shop.net,0,Legitimate,1,0,0,27
http://www.global-shop-secure-update.net,1,Phishing,0,0,2,40
https://www.state-health.gov,0,Legitimate,1,0,0,28
http://www.state-health-odeme.com,1,Phishing,0,1,1,33
http://www.state-health-odeme.com,1,Phishing,0,1,1,33
http://www.city-university-odeme.com,1,Phishing,0,1,1,36
http://www.city-university-secure-update.net,1,Phishing,0,0,2,44
http://www.city-university-secure-update.net,1,Phishing,0,0,2,44
https://www.state-health-onay.com,1,Phishing,1,1,1,33
https://www.express-delivery.com,0,Legitimate,1,0,0,32
http://www.city-university-secure-update.net,1,Phishing,0,0,2,44
https://www.state-health.gov,0,Legitimate,1,0,0,28
https://www.state-health.gov,0,Legitimate,1,0,0,28
https://www.state-health.gov,0,Legitimate,1,0,0,28
http://www.express-delivery-login.com,1,Phishing,0,1,1,37
http://www.state-health-hesap.com,1,Phishing,0,1,1,33
https://www.state-health.gov,0,Legitimate,1,0,0,28
https://www.trusted-bank.com,0,Legitimate,1,0,0,28
https://www.trusted-bank.com,0,Legitimate,1,0,0,28
https://www.city-university.edu,0,Legitimate,1,0,0,31
http://www.global-shop-odeme.com,1,Phishing,0,1,1,32
https://www.global-shop.net,0,Legitimate,1,0,0,27
http://www.city-university-onay.com,1,Phishing,0,1,1,35
https://www.state-health-hesap.com,1,Phishing,1,1,1,34
https://www.express-delivery.com,0,Legitimate,1,0,0,32
https://www.state-health-hesap.com,1,Phishing,1,1,1,34
https://www.trusted-bank-secure-update.net,1,Phishing,1,0,2,42
https://www.express-delivery-hesap.com,1,Phishing,1,1,1,38
https://www.trusted-bank-secure-update.net,1,Phishing,1,0,2,42
https://www.city-university.edu,0,Legitimate,1,0,0,31
https://www.trusted-bank.com,0,Legitimate,1,0,0,28
https://www.global-shop.net,0,Legitimate,1,0,0,27
https://www.trusted-bank.com,0,Legitimate,1,0,0,28
http://www.city-university-secure-update.net,1,Phishing,0,0,2,44
https://www.city-university.edu,0,Legitimate,1,0,0,31
http://www.city-university-hesap.com,1,Phishing,0,1,1,36
https://www.trusted-bank-login.com,1,Phishing,1,1,1,34
https://www.global-shop.net,0,Legitimate,1,0,0,27
https://www.state-health.gov,0,Legitimate,1,0,0,28
https://www.trusted-bank.com,0,Legitimate,1,0,0,28
https://www.city-university-sifre.com,1,Phishing,1,1,1,37
https://www.trusted-bank.com,0,Legitimate,1,0,0,28
https://www.trusted-bank-login.com,1,Phishing,1,1,1,34
http://www.city-university-login.com,1,Phishing,0,1,1,36
http://www.city-university-secure-update.net,1,Phishing,0,0,2,44
https://www.trusted-bank-hesap.com,1,Phishing,1,1,1,34
http://www.express-delivery-sifre.com,1,Phishing,0,1,1,37
https://www.trusted-bank-login.com,1,Phishing,1,1,1,34
https://www.global-shop.net,0,Legitimate,1,0,0,27
https://www.global-shop.net,0,Legitimate,1,0,0,27
https://www.city-university.edu,0,Legitimate,1,0,0,31
https://www.state-health-odeme.com,1,Phishing,1,1,1,34
https://www.express-delivery.com,0,Legitimate,1,0,0,32
https://www.trusted-bank.com,0,Legitimate,1,0,0,28
https://www.state-health.gov,0,Legitimate,1,0,0,28
http://www.global-shop.net,0,Legitimate,0,0,0,26
https://www.trusted-bank.com,0,Legitimate,1,0,0,28
http://www.state-health-onay.com,1,Phishing,0,1,1,32
http://www.state-health-secure-update.net,1,Phishing,0,0,2,41
http://www.city-university-sifre.com,1,Phishing,0,1,1,36
https://www.city-university.edu,0,Legitimate,1,0,0,31
https://www.express-delivery.com,0,Legitimate,1,0,0,32
http://www.city-university-secure-update.net,1,Phishing,0,0,2,44
https://www.global-shop.net,0,Legitimate,1,0,0,27
https://www.express-delivery-sifre.com,1,Phishing,1,1,1,38
https://www.global-shop-update.com,1,Phishing,1,1,1,34
http://www.express-delivery-sifre.com,1,Phishing,0,1,1,37
https://www.state-health-secure-update.net,1,Phishing,1,0,2,42
https://www.state-health-hesap.com,1,Phishing,1,1,1,34
https://www.global-shop-sifre.com,1,Phishing,1,1,1,33
http://www.state-health-sifre.com,1,Phishing,0,1,1,33
http://www.global-shop-secure-update.net,1,Phishing,0,0,2,40
https://www.state-health-sifre.com,1,Phishing,1,1,1,34
http://www.trusted-bank-sifre.com,1,Phishing,0,1,1,33
https://www.trusted-bank.com,0,Legitimate,1,0,0,28
https://www.global-shop-hesap.com,1,Phishing,1,1,1,33
https://www.state-health-onay.com,1,Phishing,1,1,1,33
http://www.state-health-secure-update.net,1,Phishing,0,0,2,41
https://www.state-health.gov,0,Legitimate,1,0,0,28
https://www.global-shop.net,0,Legitimate,1,0,0,27
https://www.state-health-secure-update.net,1,Phishing,1,0,2,42
http://www.city-university-secure-update.net,1,Phishing,0,0,2,44
https://www.express-delivery-secure-update.net,1,Phishing,1,0,2,46
https://www.express-delivery.com,0,Legitimate,1,0,0,32
https://www.state-health-odeme.com,1,Phishing,1,1,1,34
http://www.express-delivery-secure-update.net,1,Phishing,0,0,2,45
https://www.state-health.gov,0,Legitimate,1,0,0,28
https://www.global-shop.net,0,Legitimate,1,0,0,27
https://www.global-shop.net,0,Legitimate,1,0,0,27
https://www.express-delivery-onay.com,1,Phishing,1,1,1,37
https://www.trusted-bank-odeme.com,1,Phishing,1,1,1,34
http://www.state-health-update.com,1,Phishing,0,1,1,34
https://www.global-shop.net,0,Legitimate,1,0,0,27
http://www.express-delivery-login.com,1,Phishing,0,1,1,37
http://www.state-health-sifre.com,1,Phishing,0,1,1,33
https://www.state-health-sifre.com,1,Phishing,1,1,1,34
https://www.state-health-login.com,1,Phishing,1,1,1,34
https://www.city-university.edu,0,Legitimate,1,0,0,31
https://www.trusted-bank-hesap.com,1,Phishing,1,1,1,34
http://www.state-health-hesap.com,1,Phishing,0,1,1,33
https://www.global-shop.net,0,Legitimate,1,0,0,27
https://www.trusted-bank-sifre.com,1,Phishing,1,1,1,34
https://www.city-university-sifre.com,1,Phishing,1,1,1,37
http://www.express-delivery.com,0,Legitimate,0,0,0,31
https://www.express-delivery.com,0,Legitimate,1,0,0,32
http://www.express-delivery-onay.com,1,Phishing,0,1,1,36
https://www.state-health.gov,0,Legitimate,1,0,0,28
https://www.global-shop-secure-update.net,1,Phishing,1,0,2,41
http://www.state-health-odeme.com,1,Phishing,0,1,1,33
https://www.state-health.gov,0,Legitimate,1,0,0,28
https://www.city-university.edu,0,Legitimate,1,0,0,31
http://www.city-university-secure-update.net,1,Phishing,0,0,2,44
https://www.express-delivery.com,0,Legitimate,1,0,0,32
http://www.trusted-bank-odeme.com,1,Phishing,0,1,1,33
https://www.trusted-bank.com,0,Legitimate,1,0,0,28
http://www.state-health-login.com,1,Phishing,0,1,1,33
https://www.city-university.edu,0,Legitimate,1,0,0,31
http://www.trusted-bank-hesap.com,1,Phishing,0,1,1,33
http://www.express-delivery-onay.com,1,Phishing,0,1,1,36
http://www.state-health-odeme.com,1,Phishing,0,1,1,33
https://www.global-shop.net,0,Legitimate,1,0,0,27
https://www.express-delivery.com,0,Legitimate,1,0,0,32
https://www.trusted-bank-hesap.com,1,Phishing,1,1,1,34
https://www.trusted-bank.com,0,Legitimate,1,0,0,28
https://www.trusted-bank.com,0,Legitimate,1,0,0,28
https://www.city-university-login.com,1,Phishing,1,1,1,37
https://www.global-shop.net,0,Legitimate,1,0,0,27
https://www.city-university-update.com,1,Phishing,1,1,1,38
https://www.global-shop.net,0,Legitimate,1,0,0,27
http://www.express-delivery-secure-update.net,1,Phishing,0,0,2,45
http://www.state-health-update.com,1,Phishing,0,1,1,34
https://www.global-shop.net,0,Legitimate,1,0,0,27
http://www.global-shop.net,0,Legitimate,0,0,0,26
https://www.state-health-onay.com,1,Phishing,1,1,1,33
https://www.city-university-onay.com,1,Phishing,1,1,1,36
http://www.state-health-secure-update.net,1,Phishing,0,0,2,41
https://www.trusted-bank.com,0,Legitimate,1,0,0,28
http://www.state-health-update.com,1,Phishing,0,1,1,34
https://www.state-health.gov,0,Legitimate,1,0,0,28
http://www.city-university-onay.com,1,Phishing,0,1,1,35
https://www.city-university.edu,0,Legitimate,1,0,0,31
https://www.state-health-secure-update.net,1,Phishing,1,0,2,42
http://www.express-delivery.com,0,Legitimate,0,0,0,31
http://www.trusted-bank-update.com,1,Phishing,0,1,1,34
http://www.express-delivery-secure-update.net,1,Phishing,0,0,2,45
https://www.city-university.edu,0,Legitimate,1,0,0,31
http://www.trusted-bank-sifre.com,1,Phishing,0,1,1,33
http://www.state-health-hesap.com,1,Phishing,0,1,1,33
http://www.state-health-odeme.com,1,Phishing,0,1,1,33
https://www.city-university.edu,0,Legitimate,1,0,0,31
https://www.city-university.edu,0,Legitimate,1,0,0,31
http://www.state-health.gov,0,Legitimate,0,0,0,27
http://www.express-delivery-hesap.com,1,Phishing,0,1,1,37
https://www.express-delivery.com,0,Legitimate,1,0,0,32
http://www.express-delivery-login.com,1,Phishing,0,1,1,37
http://www.express-delivery-hesap.com,1,Phishing,0,1,1,37
https://www.global-shop.net,0,Legitimate,1,0,0,27
https://www.trusted-bank-hesap.com,1,Phishing,1,1,1,34
https://www.city-university-onay.com,1,Phishing,1,1,1,36
https://www.express-delivery-sifre.com,1,Phishing,1,1,1,38
https://www.express-delivery.com,0,Legitimate,1,0,0,32
https://www.express-delivery.com,0,Legitimate,1,0,0,32
https://www.global-shop.net,0,Legitimate,1,0,0,27
https://www.global-shop.net,0,Legitimate,1,0,0,27
https://www.global-shop.net,0,Legitimate,1,0,0,27
https://www.state-health.gov,0,Legitimate,1,0,0,28
https://www.state-health.gov,0,Legitimate,1,0,0,28
http://www.city-university-secure-update.net,1,Phishing,0,0,2,44
https://www.trusted-bank.com,0,Legitimate,1,0,0,28
https://www.express-delivery.com,0,Legitimate,1,0,0,32
https://www.global-shop.net,0,Legitimate,1,0,0,27
http://www.state-health-sifre.com,1,Phishing,0,1,1,33
https://www.global-shop-secure-update.net,1,Phishing,1,0,2,41
https://www.global-shop.net,0,Legitimate,1,0,0,27
https://www.city-university.edu,0,Legitimate,1,0,0,31
https://www.global-shop.net,0,Legitimate,1,0,0,27
https://www.state-health-secure-update.net,1,Phishing,1,0,2,42
https://www.global-shop.net,0,Legitimate,1,0,0,27
http://www.trusted-bank-hesap.com,1,Phishing,0,1,1,33
http://www.global-shop-login.com,1,Phishing,0,1,1,32
http://www.express-delivery-odeme.com,1,Phishing,0,1,1,37
https://www.trusted-bank-hesap.com,1,Phishing,1,1,1,34
https://www.state-health.gov,0,Legitimate,1,0,0,28
https://www.global-shop.net,0,Legitimate,1,0,0,27
http://www.global-shop-secure-update.net,1,Phishing,0,0,2,40
https://www.state-health.gov,0,Legitimate,1,0,0,28
https://www.global-shop.net,0,Legitimate,1,0,0,27
http://www.global-shop-secure-update.net,1,Phishing,0,0,2,40
http://www.city-university-odeme.com,1,Phishing,0,1,1,36
https://www.global-shop.net,0,Legitimate,1,0,0,27
https://www.trusted-bank.com,0,Legitimate,1,0,0,28
https://www.state-health-login.com,1,Phishing,1,1,1,34
https://www.state-health-hesap.com,1,Phishing,1,1,1,34
https://www.global-shop.net,0,Legitimate,1,0,0,27
https://www.trusted-bank.com,0,Legitimate,1,0,0,28
https://www.city-university-sifre.com,1,Phishing,1,1,1,37
http://www.state-health-odeme.com,1,Phishing,0,1,1,33
http://www.city-university-login.com,1,Phishing,0,1,1,36
https://www.city-university-secure-update.net,1,Phishing,1,0,2,45
http://www.express-delivery-odeme.com,1,Phishing,0,1,1,37
https://www.city-university.edu,0,Legitimate,1,0,0,31
https://www.city-university-hesap.com,1,Phishing,1,1,1,37
https://www.express-delivery.com,0,Legitimate,1,0,0,32
https://www.trusted-bank.com,0,Legitimate,1,0,0,28
http://www.city-university-secure-update.net,1,Phishing,0,0,2,44
https://www.trusted-bank.com,0,Legitimate,1,0,0,28
http://www.state-health-secure-update.net,1,Phishing,0,0,2,41
http://www.global-shop-hesap.com,1,Phishing,0,1,1,32
http://www.city-university-odeme.com,1,Phishing,0,1,1,36
https://www.city-university.edu,0,Legitimate,1,0,0,31
http://www.state-health-onay.com,1,Phishing,0,1,1,32
https://www.global-shop.net,0,Legitimate,1,0,0,27
https://www.global-shop.net,0,Legitimate,1,0,0,27
https://www.trusted-bank-odeme.com,1,Phishing,1,1,1,34
https://www.city-university.edu,0,Legitimate,1,0,0,31
http://www.express-delivery-secure-update.net,1,Phishing,0,0,2,45
https://www.city-university.edu,0,Legitimate,1,0,0,31
https://www.city-university-login.com,1,Phishing,1,1,1,37
https://www.global-shop.net,0,Legitimate,1,0,0,27
http://www.express-delivery-secure-update.net,1,Phishing,0,0,2,45
https://www.state-health.gov,0,Legitimate,1,0,0,28
https://www.trusted-bank-secure-update.net,1,Phishing,1,0,2,42
https://www.express-delivery.com,0,Legitimate,1,0,0,32
https://www.express-delivery-secure-update.net,1,Phishing,1,0,2,46
https://www.trusted-bank.com,0,Legitimate,1,0,0,28
http://www.city-university-sifre.com,1,Phishing,0,1,1,36
https://www.trusted-bank.com,0,Legitimate,1,0,0,28
https://www.express-delivery-login.com,1,Phishing,1,1,1,38
https://www.express-delivery.com,0,Legitimate,1,0,0,32
https://www.express-delivery.com,0,Legitimate,1,0,0,32
https://www.state-health.gov,0,Legitimate,1,0,0,28
https://www.city-university.edu,0,Legitimate,1,0,0,31
https://www.state-health.gov,0,Legitimate,1,0,0,28
https://www.state-health-sifre.com,1,Phishing,1,1,1,34
https://www.city-university.edu,0,Legitimate,1,0,0,31
http://www.express-delivery-odeme.com,1,Phishing,0,1,1,37
https://www.global-shop.net,0,Legitimate,1,0,0,27
http://www.state-health-odeme.com,1,Phishing,0,1,1,33
https://www.state-health.gov,0,Legitimate,1,0,0,28
https://www.state-health-onay.com,1,Phishing,1,1,1,33
http://www.global-shop-odeme.com,1,Phishing,0,1,1,32
https://www.city-university.edu,0,Legitimate,1,0,0,31
https://www.state-health-odeme.com,1,Phishing,1,1,1,34
http://www.express-delivery-onay.com,1,Phishing,0,1,1,36
https://www.state-health.gov,0,Legitimate,1,0,0,28
http://www.trusted-bank-hesap.com,1,Phishing,0,1,1,33
https://www.global-shop.net,0,Legitimate,1,0,0,27
http://www.express-delivery-secure-update.net,1,Phishing,0,0,2,45
https://www.state-health.gov,0,Legitimate,1,0,0,28
http://www.trusted-bank-hesap.com,1,Phishing,0,1,1,33
http://www.trusted-bank-login.com,1,Phishing,0,1,1,33
https://www.express-delivery.com,0,Legitimate,1,0,0,32
https://www.trusted-bank.com,0,Legitimate,1,0,0,28
http://www.trusted-bank-odeme.com,1,Phishing,0,1,1,33
http://www.trusted-bank-update.com,1,Phishing,0,1,1,34
http://www.express-delivery-secure-update.net,1,Phishing,0,0,2,45
https://www.state-health.gov,0,Legitimate,1,0,0,28
https://www.trusted-bank-secure-update.net,1,Phishing,1,0,2,42
https://www.express-delivery.com,0,Legitimate,1,0,0,32
http://www.trusted-bank-sifre.com,1,Phishing,0,1,1,33
http://www.trusted-bank-onay.com,1,Phishing,0,1,1,32
https://www.trusted-bank.com,0,Legitimate,1,0,0,28
http://www.state-health-login.com,1,Phishing,0,1,1,33
https://www.city-university.edu,0,Legitimate,1,0,0,31
https://www.state-health.gov,0,Legitimate,1,0,0,28
https://www.trusted-bank.com,0,Legitimate,1,0,0,28
http://www.express-delivery-update.com,1,Phishing,0,1,1,38
https://www.state-health.gov,0,Legitimate,1,0,0,28
https://www.city-university.edu,0,Legitimate,1,0,0,31
https://www.express-delivery.com,0,Legitimate,1,0,0,32
https://www.trusted-bank-update.com,1,Phishing,1,1,1,35
https://www.express-delivery.com,0,Legitimate,1,0,0,32
http://www.express-delivery-sifre.com,1,Phishing,0,1,1,37
https://www.express-delivery-sifre.com,1,Phishing,1,1,1,38
https://www.global-shop.net,0,Legitimate,1,0,0,27
http://www.express-delivery-onay.com,1,Phishing,0,1,1,36
http://www.city-university-onay.com,1,Phishing,0,1,1,35
https://www.global-shop.net,0,Legitimate,1,0,0,27
https://www.state-health.gov,0,Legitimate,1,0,0,28
https://www.city-university-login.com,1,Phishing,1,1,1,37
https://www.state-health.gov,0,Legitimate,1,0,0,28
https://www.trusted-bank.com,0,Legitimate,1,0,0,28
https://www.express-delivery.com,0,Legitimate,1,0,0,32
https://www.global-shop-secure-update.net,1,Phishing,1,0,2,41
http://www.trusted-bank-update.com,1,Phishing,0,1,1,34
https://www.express-delivery.com,0,Legitimate,1,0,0,32
https://www.state-health.gov,0,Legitimate,1,0,0,28
https://www.trusted-bank.com,0,Legitimate,1,0,0,28
http://www.express-delivery-hesap.com,1,Phishing,0,1,1,37
https://www.trusted-bank-odeme.com,1,Phishing,1,1,1,34
https://www.city-university.edu,0,Legitimate,1,0,0,31
http://www.state-health.gov,0,Legitimate,0,0,0,27
https://www.global-shop.net,0,Legitimate,1,0,0,27
http://www.express-delivery-login.com,1,Phishing,0,1,1,37
https://www.city-university.edu,0,Legitimate,1,0,0,31
https://www.global-shop.net,0,Legitimate,1,0,0,27
https://www.trusted-bank.com,0,Legitimate,1,0,0,28
https://www.trusted-bank.com,0,Legitimate,1,0,0,28
https://www.city-university-hesap.com,1,Phishing,1,1,1,37
https://www.global-shop-sifre.com,1,Phishing,1,1,1,33
http://www.state-health.gov,0,Legitimate,0,0,0,27
https://www.state-health.gov,0,Legitimate,1,0,0,28
https://www.city-university-onay.com,1,Phishing,1,1,1,36
https://www.express-delivery.com,0,Legitimate,1,0,0,32
https://www.city-university.edu,0,Legitimate,1,0,0,31
http://www.global-shop-hesap.com,1,Phishing,0,1,1,32
https://www.trusted-bank-secure-update.net,1,Phishing,1,0,2,42
https://www.express-delivery.com,0,Legitimate,1,0,0,32
http://www.global-shop-onay.com,1,Phishing,0,1,1,31
https://www.state-health.gov,0,Legitimate,1,0,0,28
https://www.state-health.gov,0,Legitimate,1,0,0,28
http://www.global-shop-update.com,1,Phishing,0,1,1,33
https://www.state-health.gov,0,Legitimate,1,0,0,28
https://www.trusted-bank.com,0,Legitimate,1,0,0,28
https://www.trusted-bank.com,0,Legitimate,1,0,0,28
https://www.express-delivery.com,0,Legitimate,1,0,0,32
https://www.city-university.edu,0,Legitimate,1,0,0,31
https://www.state-health.gov,0,Legitimate,1,0,0,28
https://www.express-delivery-sifre.com,1,Phishing,1,1,1,38
https://www.global-shop.net,0,Legitimate,1,0,0,27
https://www.trusted-bank-secure-update.net,1,Phishing,1,0,2,42
https://www.global-shop.net,0,Legitimate,1,0,0,27
https://www.state-health.gov,0,Legitimate,1,0,0,28
https://www.express-delivery.com,0,Legitimate,1,0,0,32
https://www.trusted-bank.com,0,Legitimate,1,0,0,28
http://www.global-shop-secure-update.net,1,Phishing,0,0,2,40
https://www.global-shop-secure-update.net,1,Phishing,1,0,2,41
https://www.trusted-bank.com,0,Legitimate,1,0,0,28
https://www.global-shop.net,0,Legitimate,1,0,0,27
https://www.city-university-odeme.com,1,Phishing,1,1,1,37
https://www.city-university.edu,0,Legitimate,1,0,0,31
https://www.city-university.edu,0,Legitimate,1,0,0,31
https://www.city-university.edu,0,Legitimate,1,0,0,31
https://www.trusted-bank.com,0,Legitimate,1,0,0,28
http://www.trusted-bank-sifre.com,1,Phishing,0,1,1,33
https://www.global-shop-login.com,1,Phishing,1,1,1,33
http://www.city-university-sifre.com,1,Phishing,0,1,1,36
http://www.city-university-update.com,1,Phishing,0,1,1,37
https://www.global-shop-secure-update.net,1,Phishing,1,0,2,41
https://www.city-university-secure-update.net,1,Phishing,1,0,2,45
https://www.trusted-bank-onay.com,1,Phishing,1,1,1,33
https://www.global-shop-login.com,1,Phishing,1,1,1,33
https://www.express-delivery.com,0,Legitimate,1,0,0,32
http://www.state-health-update.com,1,Phishing,0,1,1,34
http://www.trusted-bank-secure-update.net,1,Phishing,0,0,2,41
http://www.city-university-login.com,1,Phishing,0,1,1,36
http://www.global-shop-sifre.com,1,Phishing,0,1,1,32
https://www.express-delivery.com,0,Legitimate,1,0,0,32
https://www.trusted-bank.com,0,Legitimate,1,0,0,28
http://www.trusted-bank-odeme.com,1,Phishing,0,1,1,33
https://www.city-university.edu,0,Legitimate,1,0,0,31
https://www.express-delivery.com,0,Legitimate,1,0,0,32
http://www.state-health-secure-update.net,1,Phishing,0,0,2,41
http://www.trusted-bank-sifre.com,1,Phishing,0,1,1,33
https://www.city-university.edu,0,Legitimate,1,0,0,31
https://www.trusted-bank.com,0,Legitimate,1,0,0,28
https://www.city-university-login.com,1,Phishing,1,1,1,37
https://www.express-delivery.com,0,Legitimate,1,0,0,32
https://www.express-delivery-hesap.com,1,Phishing,1,1,1,38
https://www.state-health-odeme.com,1,Phishing,1,1,1,34
https://www.city-university.edu,0,Legitimate,1,0,0,31
https://www.city-university.edu,0,Legitimate,1,0,0,31
http://www.trusted-bank-secure-update.net,1,Phishing,0,0,2,41
https://www.trusted-bank.com,0,Legitimate,1,0,0,28
http://www.global-shop-odeme.com,1,Phishing,0,1,1,32
https://www.city-university.edu,0,Legitimate,1,0,0,31
http://www.trusted-bank-update.com,1,Phishing,0,1,1,34
https://www.trusted-bank.com,0,Legitimate,1,0,0,28
https://www.global-shop.net,0,Legitimate,1,0,0,27
https://www.city-university-secure-update.net,1,Phishing,1,0,2,45
http://www.city-university-sifre.com,1,Phishing,0,1,1,36
https://www.global-shop-hesap.com,1,Phishing,1,1,1,33
https://www.state-health.gov,0,Legitimate,1,0,0,28
https://www.state-health.gov,0,Legitimate,1,0,0,28
https://www.city-university.edu,0,Legitimate,1,0,0,31
http://www.global-shop-odeme.com,1,Phishing,0,1,1,32
https://www.global-shop.net,0,Legitimate,1,0,0,27
https://www.global-shop.net,0,Legitimate,1,0,0,27
https://www.state-health.gov,0,Legitimate,1,0,0,28
https://www.global-shop.net,0,Legitimate,1,0,0,27
https://www.express-delivery.com,0,Legitimate,1,0,0,32
https://www.state-health.gov,0,Legitimate,1,0,0,28
https://www.global-shop.net,0,Legitimate,1,0,0,27
https://www.global-shop.net,0,Legitimate,1,0,0,27
https://www.trusted-bank.com,0,Legitimate,1,0,0,28
https://www.express-delivery-secure-update.net,1,Phishing,1,0,2,46
https://www.trusted-bank-odeme.com,1,Phishing,1,1,1,34
https://www.city-university.edu,0,Legitimate,1,0,0,31
https://www.state-health-hesap.com,1,Phishing,1,1,1,34
https://www.state-health.gov,0,Legitimate,1,0,0,28
https://www.city-university-secure-update.net,1,Phishing,1,0,2,45
https://www.express-delivery.com,0,Legitimate,1,0,0,32
https://www.trusted-bank.com,0,Legitimate,1,0,0,28
http://www.trusted-bank-secure-update.net,1,Phishing,0,0,2,41
http://www.trusted-bank-odeme.com,1,Phishing,0,1,1,33
https://www.trusted-bank.com,0,Legitimate,1,0,0,28
https://www.trusted-bank.com,0,Legitimate,1,0,0,28
https://www.city-university.edu,0,Legitimate,1,0,0,31
https://www.global-shop.net,0,Legitimate,1,0,0,27
https://www.city-university-secure-update.net,1,Phishing,1,0,2,45
https://www.city-university.edu,0,Legitimate,1,0,0,31
https://www.city-university.edu,0,Legitimate,1,0,0,31
https://www.trusted-bank.com,0,Legitimate,1,0,0,28
https://www.state-health-sifre.com,1,Phishing,1,1,1,34
http://www.trusted-bank-onay.com,1,Phishing,0,1,1,32
https://www.global-shop.net,0,Legitimate,1,0,0,27
http://www.global-shop-hesap.com,1,Phishing,0,1,1,32
https://www.global-shop.net,0,Legitimate,1,0,0,27
https://www.city-university.edu,0,Legitimate,1,0,0,31
https://www.global-shop.net,0,Legitimate,1,0,0,27
https://www.city-university.edu,0,Legitimate,1,0,0,31
https://www.express-delivery.com,0,Legitimate,1,0,0,32
https://www.express-delivery.com,0,Legitimate,1,0,0,32
https://www.state-health.gov,0,Legitimate,1,0,0,28
https://www.state-health.gov,0,Legitimate,1,0,0,28
http://www.global-shop-secure-update.net,1,Phishing,0,0,2,40
https://www.trusted-bank.com,0,Legitimate,1,0,0,28
http://www.trusted-bank-update.com,1,Phishing,0,1,1,34
https://www.city-university-hesap.com,1,Phishing,1,1,1,37
http://www.state-health-sifre.com,1,Phishing,0,1,1,33
https://www.global-shop.net,0,Legitimate,1,0,0,27
https://www.state-health-odeme.com,1,Phishing,1,1,1,34
http://www.express-delivery-sifre.com,1,Phishing,0,1,1,37
https://www.global-shop.net,0,Legitimate,1,0,0,27
https://www.trusted-bank.com,0,Legitimate,1,0,0,28
https://www.state-health.gov,0,Legitimate,1,0,0,28
https://www.express-delivery.com,0,Legitimate,1,0,0,32
https://www.global-shop-secure-update.net,1,Phishing,1,0,2,41
http://www.state-health-update.com,1,Phishing,0,1,1,34
https://www.trusted-bank.com,0,Legitimate,1,0,0,28
https://www.global-shop.net,0,Legitimate,1,0,0,27
https://www.state-health.gov,0,Legitimate,1,0,0,28
http://www.express-delivery-update.com,1,Phishing,0,1,1,38
https://www.express-delivery.com,0,Legitimate,1,0,0,32
http://www.global-shop-update.com,1,Phishing,0,1,1,33
https://www.city-university.edu,0,Legitimate,1,0,0,31
https://www.global-shop.net,0,Legitimate,1,0,0,27
https://www.state-health-hesap.com,1,Phishing,1,1,1,34
https://www.city-university.edu,0,Legitimate,1,0,0,31
http://www.trusted-bank.com,0,Legitimate,0,0,0,27
http://www.trusted-bank-secure-update.net,1,Phishing,0,0,2,41
http://www.express-delivery-secure-update.net,1,Phishing,0,0,2,45
https://www.global-shop.net,0,Legitimate,1,0,0,27
http://www.trusted-bank-secure-update.net,1,Phishing,0,0,2,41
https://www.express-delivery.com,0,Legitimate,1,0,0,32
https://www.global-shop.net,0,Legitimate,1,0,0,27
https://www.global-shop-hesap.com,1,Phishing,1,1,1,33
https://www.city-university.edu,0,Legitimate,1,0,0,31
http://www.city-university-secure-update.net,1,Phishing,0,0,2,44
http://www.city-university-odeme.com,1,Phishing,0,1,1,36
http://www.trusted-bank-update.com,1,Phishing,0,1,1,34
https://www.trusted-bank.com,0,Legitimate,1,0,0,28
http://www.global-shop-sifre.com,1,Phishing,0,1,1,32
https://www.city-university-update.com,1,Phishing,1,1,1,38
https://www.global-shop-odeme.com,1,Phishing,1,1,1,33
http://www.state-health-secure-update.net,1,Phishing,0,0,2,41
http://www.city-university-secure-update.net,1,Phishing,0,0,2,44
https://www.city-university.edu,0,Legitimate,1,0,0,31
http://www.trusted-bank-onay.com,1,Phishing,0,1,1,32
https://www.global-shop.net,0,Legitimate,1,0,0,27
http://www.state-health-secure-update.net,1,Phishing,0,0,2,41
https://www.trusted-bank.com,0,Legitimate,1,0,0,28
http://www.city-university-onay.com,1,Phishing,0,1,1,35
https://www.trusted-bank-secure-update.net,1,Phishing,1,0,2,42
https://www.city-university.edu,0,Legitimate,1,0,0,31
https://www.city-university.edu,0,Legitimate,1,0,0,31
http://www.global-shop-onay.com,1,Phishing,0,1,1,31
http://www.state-health-secure-update.net,1,Phishing,0,0,2,41
https://www.global-shop.net,0,Legitimate,1,0,0,27
https://www.global-shop-sifre.com,1,Phishing,1,1,1,33
http://www.state-health-secure-update.net,1,Phishing,0,0,2,41
https://www.city-university-secure-update.net,1,Phishing,1,0,2,45
http://www.state-health-secure-update.net,1,Phishing,0,0,2,41
https://www.trusted-bank-sifre.com,1,Phishing,1,1,1,34
http://www.trusted-bank-update.com,1,Phishing,0,1,1,34
https://www.express-delivery.com,0,Legitimate,1,0,0,32
https://www.express-delivery.com,0,Legitimate,1,0,0,32
https://www.trusted-bank-login.com,1,Phishing,1,1,1,34
http://www.trusted-bank-secure-update.net,1,Phishing,0,0,2,41
https://www.city-university.edu,0,Legitimate,1,0,0,31
https://www.state-health.gov,0,Legitimate,1,0,0,28
https://www.trusted-bank.com,0,Legitimate,1,0,0,28
https://www.city-university.edu,0,Legitimate,1,0,0,31
https://www.state-health.gov,0,Legitimate,1,0,0,28
https://www.trusted-bank.com,0,Legitimate,1,0,0,28
http://www.express-delivery-secure-update.net,1,Phishing,0,0,2,45
https://www.global-shop-secure-update.net,1,Phishing,1,0,2,41
